release_period,state,measure_id,bottom-box_percentage,middle-box_percentage,top-box_percentage,state_name,region,nps
2015,AK,H_RECMND,7.0,23.0,70.0,Alaska,Pacific,63.0
2015,AL,H_RECMND,5.0,24.0,71.0,Alabama,East South Central,66.0
2015,AR,H_RECMND,5.0,27.0,68.0,Arkansas,West South Central,63.0
2015,AZ,H_RECMND,6.0,24.0,70.0,Arizona,Mountain,64.0
2015,CA,H_RECMND,6.0,24.0,70.0,California,Pacific,64.0
2015,CO,H_RECMND,4.0,22.0,74.0,Colorado,Mountain,70.0
2015,CT,H_RECMND,5.0,24.0,71.0,Connecticut,New England,66.0
2015,DC,H_RECMND,10.0,29.0,61.0,District of Columbia,South Atlantic,51.0
2015,DE,H_RECMND,5.0,28.0,67.0,Delaware,South Atlantic,62.0
2015,FL,H_RECMND,7.0,24.0,69.0,Florida,South Atlantic,62.0
2015,GA,H_RECMND,6.0,25.0,69.0,Georgia,South Atlantic,63.0
2015,HI,H_RECMND,4.0,24.0,72.0,Hawaii,Pacific,68.0
2015,IA,H_RECMND,3.0,22.0,75.0,Iowa,West North Central,72.0
2015,ID,H_RECMND,3.0,22.0,75.0,Idaho,Mountain,72.0
2015,IL,H_RECMND,5.0,25.0,70.0,Illinois,East North Central,65.0
2015,IN,H_RECMND,4.0,23.0,73.0,Indiana,East North Central,69.0
2015,KS,H_RECMND,3.0,21.0,76.0,Kansas,West North Central,73.0
2015,KY,H_RECMND,5.0,24.0,71.0,Kentucky,East South Central,66.0
2015,LA,H_RECMND,4.0,21.0,75.0,Louisiana,West South Central,71.0
2015,MA,H_RECMND,4.0,22.0,74.0,Massachusetts,New England,70.0
2015,MD,H_RECMND,6.0,27.0,67.0,Maryland,South Atlantic,61.0
2015,ME,H_RECMND,4.0,20.0,76.0,Maine,New England,72.0
2015,MI,H_RECMND,5.0,24.0,71.0,Michigan,East North Central,66.0
2015,MN,H_RECMND,3.0,23.0,74.0,Minnesota,West North Central,71.0
2015,MO,H_RECMND,5.0,24.0,71.0,Missouri,West North Central,66.0
2015,MS,H_RECMND,5.0,25.0,70.0,Mississippi,East South Central,65.0
2015,MT,H_RECMND,4.0,27.0,69.0,Montana,Mountain,65.0
2015,NC,H_RECMND,5.0,25.0,70.0,North Carolina,South Atlantic,65.0
2015,ND,H_RECMND,5.0,26.0,69.0,North Dakota,West North Central,64.0
2015,NE,H_RECMND,3.0,21.0,76.0,Nebraska,West North Central,73.0
2015,NH,H_RECMND,4.0,21.0,75.0,New Hampshire,New England,71.0
2015,NJ,H_RECMND,7.0,26.0,67.0,New Jersey,Mid-Atlantic,60.0
2015,NM,H_RECMND,7.0,31.0,62.0,New Mexico,Mountain,55.0
2015,NV,H_RECMND,7.0,27.0,66.0,Nevada,Mountain,59.0
2015,NY,H_RECMND,7.0,27.0,66.0,New York,Mid-Atlantic,59.0
2015,OH,H_RECMND,4.0,24.0,72.0,Ohio,East North Central,68.0
2015,OK,H_RECMND,5.0,25.0,70.0,Oklahoma,West South Central,65.0
2015,OR,H_RECMND,4.0,24.0,72.0,Oregon,Pacific,68.0
2015,PA,H_RECMND,5.0,25.0,70.0,Pennsylvania,Mid-Atlantic,65.0
2015,RI,H_RECMND,5.0,23.0,72.0,Rhode Island,New England,67.0
2015,SC,H_RECMND,5.0,25.0,70.0,South Carolina,South Atlantic,65.0
2015,SD,H_RECMND,4.0,20.0,76.0,South Dakota,West North Central,72.0
2015,TN,H_RECMND,6.0,24.0,70.0,Tennessee,East South Central,64.0
2015,TX,H_RECMND,5.0,21.0,74.0,Texas,West South Central,69.0
2015,UT,H_RECMND,3.0,20.0,77.0,Utah,Mountain,74.0
2015,VA,H_RECMND,5.0,25.0,70.0,Virginia,South Atlantic,65.0
2015,VT,H_RECMND,3.0,21.0,76.0,Vermont,New England,73.0
2015,WA,H_RECMND,5.0,23.0,72.0,Washington,Pacific,67.0
2015,WI,H_RECMND,3.0,22.0,75.0,Wisconsin,East North Central,72.0
2015,WV,H_RECMND,6.0,28.0,66.0,West Virginia,South Atlantic,60.0
2015,WY,H_RECMND,5.0,29.0,66.0,Wyoming,Mountain,61.0
2016,AK,H_RECMND,4.0,27.0,69.0,Alaska,Pacific,65.0
2016,AL,H_RECMND,5.0,24.0,71.0,Alabama,East South Central,66.0
2016,AR,H_RECMND,5.0,25.0,70.0,Arkansas,West South Central,65.0
2016,AZ,H_RECMND,6.0,24.0,70.0,Arizona,Mountain,64.0
2016,CA,H_RECMND,7.0,24.0,69.0,California,Pacific,62.0
2016,CO,H_RECMND,4.0,21.0,75.0,Colorado,Mountain,71.0
2016,CT,H_RECMND,5.0,25.0,70.0,Connecticut,New England,65.0
2016,DC,H_RECMND,10.0,30.0,60.0,District of Columbia,South Atlantic,50.0
2016,DE,H_RECMND,5.0,26.0,69.0,Delaware,South Atlantic,64.0
2016,FL,H_RECMND,7.0,24.0,69.0,Florida,South Atlantic,62.0
2016,GA,H_RECMND,5.0,25.0,70.0,Georgia,South Atlantic,65.0
2016,HI,H_RECMND,4.0,23.0,73.0,Hawaii,Pacific,69.0
2016,IA,H_RECMND,3.0,23.0,74.0,Iowa,West North Central,71.0
2016,ID,H_RECMND,3.0,24.0,73.0,Idaho,Mountain,70.0
2016,IL,H_RECMND,5.0,24.0,71.0,Illinois,East North Central,66.0
2016,IN,H_RECMND,4.0,23.0,73.0,Indiana,East North Central,69.0
2016,KS,H_RECMND,3.0,21.0,76.0,Kansas,West North Central,73.0
2016,KY,H_RECMND,5.0,25.0,70.0,Kentucky,East South Central,65.0
2016,LA,H_RECMND,4.0,19.0,77.0,Louisiana,West South Central,73.0
2016,MA,H_RECMND,5.0,21.0,74.0,Massachusetts,New England,69.0
2016,ME,H_RECMND,4.0,20.0,76.0,Maine,New England,72.0
2016,MI,H_RECMND,4.0,25.0,71.0,Michigan,East North Central,67.0
2016,MN,H_RECMND,3.0,21.0,76.0,Minnesota,West North Central,73.0
2016,MO,H_RECMND,5.0,26.0,69.0,Missouri,West North Central,64.0
2016,MS,H_RECMND,6.0,24.0,70.0,Mississippi,East South Central,64.0
2016,MT,H_RECMND,4.0,25.0,71.0,Montana,Mountain,67.0
2016,NC,H_RECMND,5.0,25.0,70.0,North Carolina,South Atlantic,65.0
2016,ND,H_RECMND,5.0,23.0,72.0,North Dakota,West North Central,67.0
2016,NE,H_RECMND,2.0,19.0,79.0,Nebraska,West North Central,77.0
2016,NH,H_RECMND,4.0,22.0,74.0,New Hampshire,New England,70.0
2016,NJ,H_RECMND,7.0,27.0,66.0,New Jersey,Mid-Atlantic,59.0
2016,NM,H_RECMND,6.0,30.0,64.0,New Mexico,Mountain,58.0
2016,NV,H_RECMND,8.0,26.0,66.0,Nevada,Mountain,58.0
2016,NY,H_RECMND,7.0,27.0,66.0,New York,Mid-Atlantic,59.0
2016,OH,H_RECMND,4.0,24.0,72.0,Ohio,East North Central,68.0
2016,OK,H_RECMND,5.0,24.0,71.0,Oklahoma,West South Central,66.0
2016,OR,H_RECMND,4.0,24.0,72.0,Oregon,Pacific,68.0
2016,PA,H_RECMND,5.0,25.0,70.0,Pennsylvania,Mid-Atlantic,65.0
2016,RI,H_RECMND,5.0,22.0,73.0,Rhode Island,New England,68.0
2016,SC,H_RECMND,5.0,24.0,71.0,South Carolina,South Atlantic,66.0
2016,SD,H_RECMND,2.0,21.0,77.0,South Dakota,West North Central,75.0
2016,TN,H_RECMND,6.0,23.0,71.0,Tennessee,East South Central,65.0
2016,TX,H_RECMND,5.0,21.0,74.0,Texas,West South Central,69.0
2016,UT,H_RECMND,3.0,20.0,77.0,Utah,Mountain,74.0
2016,VA,H_RECMND,5.0,25.0,70.0,Virginia,South Atlantic,65.0
2016,VT,H_RECMND,4.0,22.0,74.0,Vermont,New England,70.0
2016,WA,H_RECMND,5.0,23.0,72.0,Washington,Pacific,67.0
2016,WI,H_RECMND,3.0,22.0,75.0,Wisconsin,East North Central,72.0
2016,WV,H_RECMND,6.0,27.0,67.0,West Virginia,South Atlantic,61.0
2016,WY,H_RECMND,4.0,29.0,67.0,Wyoming,Mountain,63.0
2017,AK,H_RECMND,4.0,27.0,69.0,Alaska,Pacific,65.0
2017,AL,H_RECMND,5.0,24.0,71.0,Alabama,East South Central,66.0
2017,AR,H_RECMND,5.0,25.0,70.0,Arkansas,West South Central,65.0
2017,AZ,H_RECMND,6.0,25.0,69.0,Arizona,Mountain,63.0
2017,CA,H_RECMND,7.0,23.0,70.0,California,Pacific,63.0
2017,CO,H_RECMND,4.0,20.0,76.0,Colorado,Mountain,72.0
2017,CT,H_RECMND,5.0,25.0,70.0,Connecticut,New England,65.0
2017,DC,H_RECMND,10.0,30.0,60.0,District of Columbia,South Atlantic,50.0
2017,DE,H_RECMND,5.0,25.0,70.0,Delaware,South Atlantic,65.0
2017,FL,H_RECMND,7.0,24.0,69.0,Florida,South Atlantic,62.0
2017,GA,H_RECMND,6.0,23.0,71.0,Georgia,South Atlantic,65.0
2017,HI,H_RECMND,4.0,22.0,74.0,Hawaii,Pacific,70.0
2017,IA,H_RECMND,3.0,21.0,76.0,Iowa,West North Central,73.0
2017,ID,H_RECMND,3.0,22.0,75.0,Idaho,Mountain,72.0
2017,IL,H_RECMND,5.0,24.0,71.0,Illinois,East North Central,66.0
2017,IN,H_RECMND,4.0,22.0,74.0,Indiana,East North Central,70.0
2017,KS,H_RECMND,2.0,21.0,77.0,Kansas,West North Central,75.0
2017,KY,H_RECMND,4.0,24.0,72.0,Kentucky,East South Central,68.0
2017,LA,H_RECMND,4.0,20.0,76.0,Louisiana,West South Central,72.0
2017,MA,H_RECMND,4.0,22.0,74.0,Massachusetts,New England,70.0
2017,MD,H_RECMND,7.0,28.0,65.0,Maryland,South Atlantic,58.0
2017,ME,H_RECMND,3.0,21.0,76.0,Maine,New England,73.0
2017,MI,H_RECMND,4.0,24.0,72.0,Michigan,East North Central,68.0
2017,MN,H_RECMND,3.0,21.0,76.0,Minnesota,West North Central,73.0
2017,MO,H_RECMND,5.0,25.0,70.0,Missouri,West North Central,65.0
2017,MS,H_RECMND,5.0,25.0,70.0,Mississippi,East South Central,65.0
2017,MT,H_RECMND,5.0,23.0,72.0,Montana,Mountain,67.0
2017,NC,H_RECMND,5.0,24.0,71.0,North Carolina,South Atlantic,66.0
2017,ND,H_RECMND,2.0,25.0,73.0,North Dakota,West North Central,71.0
2017,NE,H_RECMND,2.0,19.0,79.0,Nebraska,West North Central,77.0
2017,NH,H_RECMND,4.0,21.0,75.0,New Hampshire,New England,71.0
2017,NJ,H_RECMND,7.0,27.0,66.0,New Jersey,Mid-Atlantic,59.0
2017,NM,H_RECMND,6.0,28.0,66.0,New Mexico,Mountain,60.0
2017,NV,H_RECMND,8.0,26.0,66.0,Nevada,Mountain,58.0
2017,NY,H_RECMND,6.0,28.0,66.0,New York,Mid-Atlantic,60.0
2017,OH,H_RECMND,4.0,24.0,72.0,Ohio,East North Central,68.0
2017,OK,H_RECMND,5.0,22.0,73.0,Oklahoma,West South Central,68.0
2017,OR,H_RECMND,4.0,23.0,73.0,Oregon,Pacific,69.0
2017,PA,H_RECMND,5.0,25.0,70.0,Pennsylvania,Mid-Atlantic,65.0
2017,RI,H_RECMND,5.0,22.0,73.0,Rhode Island,New England,68.0
2017,SC,H_RECMND,6.0,23.0,71.0,South Carolina,South Atlantic,65.0
2017,SD,H_RECMND,2.0,19.0,79.0,South Dakota,West North Central,77.0
2017,TN,H_RECMND,6.0,23.0,71.0,Tennessee,East South Central,65.0
2017,TX,H_RECMND,5.0,21.0,74.0,Texas,West South Central,69.0
2017,UT,H_RECMND,3.0,20.0,77.0,Utah,Mountain,74.0
2017,VA,H_RECMND,5.0,25.0,70.0,Virginia,South Atlantic,65.0
2017,VT,H_RECMND,3.0,23.0,74.0,Vermont,New England,71.0
2017,WA,H_RECMND,5.0,22.0,73.0,Washington,Pacific,68.0
2017,WI,H_RECMND,3.0,21.0,76.0,Wisconsin,East North Central,73.0
2017,WV,H_RECMND,5.0,26.0,69.0,West Virginia,South Atlantic,64.0
2017,WY,H_RECMND,4.0,29.0,67.0,Wyoming,Mountain,63.0
2018,AK,H_RECMND,3.0,23.0,74.0,Alaska,Pacific,71.0
2018,AL,H_RECMND,5.0,24.0,71.0,Alabama,East South Central,66.0
2018,AR,H_RECMND,5.0,24.0,71.0,Arkansas,West South Central,66.0
2018,AZ,H_RECMND,6.0,24.0,70.0,Arizona,Mountain,64.0
2018,CA,H_RECMND,6.0,24.0,70.0,California,Pacific,64.0
2018,CO,H_RECMND,4.0,20.0,76.0,Colorado,Mountain,72.0
2018,CT,H_RECMND,5.0,23.0,72.0,Connecticut,New England,67.0
2018,DC,H_RECMND,11.0,26.0,63.0,District of Columbia,South Atlantic,52.0
2018,DE,H_RECMND,5.0,24.0,71.0,Delaware,South Atlantic,66.0
2018,FL,H_RECMND,7.0,23.0,70.0,Florida,South Atlantic,63.0
2018,GA,H_RECMND,5.0,25.0,70.0,Georgia,South Atlantic,65.0
2018,HI,H_RECMND,5.0,23.0,72.0,Hawaii,Pacific,67.0
2018,IA,H_RECMND,3.0,21.0,76.0,Iowa,West North Central,73.0
2018,ID,H_RECMND,4.0,20.0,76.0,Idaho,Mountain,72.0
2018,IL,H_RECMND,5.0,25.0,70.0,Illinois,East North Central,65.0
2018,IN,H_RECMND,4.0,22.0,74.0,Indiana,East North Central,70.0
2018,KS,H_RECMND,3.0,20.0,77.0,Kansas,West North Central,74.0
2018,KY,H_RECMND,5.0,24.0,71.0,Kentucky,East South Central,66.0
2018,LA,H_RECMND,4.0,20.0,76.0,Louisiana,West South Central,72.0
2018,MA,H_RECMND,5.0,21.0,74.0,Massachusetts,New England,69.0
2018,MD,H_RECMND,7.0,26.0,67.0,Maryland,South Atlantic,60.0
2018,ME,H_RECMND,3.0,22.0,75.0,Maine,New England,72.0
2018,MI,H_RECMND,4.0,24.0,72.0,Michigan,East North Central,68.0
2018,MN,H_RECMND,3.0,21.0,76.0,Minnesota,West North Central,73.0
2018,MO,H_RECMND,5.0,24.0,71.0,Missouri,West North Central,66.0
2018,MS,H_RECMND,5.0,24.0,71.0,Mississippi,East South Central,66.0
2018,MT,H_RECMND,5.0,25.0,70.0,Montana,Mountain,65.0
2018,NC,H_RECMND,5.0,24.0,71.0,North Carolina,South Atlantic,66.0
2018,ND,H_RECMND,3.0,22.0,75.0,North Dakota,West North Central,72.0
2018,NE,H_RECMND,2.0,19.0,79.0,Nebraska,West North Central,77.0
2018,NH,H_RECMND,4.0,22.0,74.0,New Hampshire,New England,70.0
2018,NJ,H_RECMND,7.0,26.0,67.0,New Jersey,Mid-Atlantic,60.0
2018,NM,H_RECMND,6.0,31.0,63.0,New Mexico,Mountain,57.0
2018,NV,H_RECMND,8.0,24.0,68.0,Nevada,Mountain,60.0
2018,NY,H_RECMND,7.0,26.0,67.0,New York,Mid-Atlantic,60.0
2018,OH,H_RECMND,4.0,24.0,72.0,Ohio,East North Central,68.0
2018,OK,H_RECMND,5.0,21.0,74.0,Oklahoma,West South Central,69.0
2018,OR,H_RECMND,4.0,22.0,74.0,Oregon,Pacific,70.0
2018,PA,H_RECMND,5.0,25.0,70.0,Pennsylvania,Mid-Atlantic,65.0
2018,RI,H_RECMND,5.0,21.0,74.0,Rhode Island,New England,69.0
2018,SC,H_RECMND,5.0,24.0,71.0,South Carolina,South Atlantic,66.0
2018,SD,H_RECMND,2.0,20.0,78.0,South Dakota,West North Central,76.0
2018,TN,H_RECMND,5.0,24.0,71.0,Tennessee,East South Central,66.0
2018,TX,H_RECMND,5.0,19.0,76.0,Texas,West South Central,71.0
2018,UT,H_RECMND,4.0,19.0,77.0,Utah,Mountain,73.0
2018,VA,H_RECMND,5.0,25.0,70.0,Virginia,South Atlantic,65.0
2018,VT,H_RECMND,3.0,24.0,73.0,Vermont,New England,70.0
2018,WA,H_RECMND,5.0,23.0,72.0,Washington,Pacific,67.0
2018,WI,H_RECMND,3.0,21.0,76.0,Wisconsin,East North Central,73.0
2018,WV,H_RECMND,4.0,25.0,71.0,West Virginia,South Atlantic,67.0
2018,WY,H_RECMND,5.0,26.0,69.0,Wyoming,Mountain,64.0
2019,AK,H_RECMND,4.0,30.0,66.0,Alaska,Pacific,62.0
2019,AL,H_RECMND,5.0,24.0,71.0,Alabama,East South Central,66.0
2019,AR,H_RECMND,5.0,24.0,71.0,Arkansas,West South Central,66.0
2019,AZ,H_RECMND,6.0,24.0,70.0,Arizona,Mountain,64.0
2019,CA,H_RECMND,7.0,23.0,70.0,California,Pacific,63.0
2019,CO,H_RECMND,5.0,20.0,75.0,Colorado,Mountain,70.0
2019,CT,H_RECMND,5.0,23.0,72.0,Connecticut,New England,67.0
2019,DC,H_RECMND,11.0,28.0,61.0,District of Columbia,South Atlantic,50.0
2019,DE,H_RECMND,4.0,27.0,69.0,Delaware,South Atlantic,65.0
2019,FL,H_RECMND,7.0,24.0,69.0,Florida,South Atlantic,62.0
2019,GA,H_RECMND,6.0,24.0,70.0,Georgia,South Atlantic,64.0
2019,HI,H_RECMND,5.0,23.0,72.0,Hawaii,Pacific,67.0
2019,IA,H_RECMND,2.0,22.0,76.0,Iowa,West North Central,74.0
2019,ID,H_RECMND,3.0,21.0,76.0,Idaho,Mountain,73.0
2019,IL,H_RECMND,5.0,25.0,70.0,Illinois,East North Central,65.0
2019,IN,H_RECMND,4.0,23.0,73.0,Indiana,East North Central,69.0
2019,KS,H_RECMND,3.0,20.0,77.0,Kansas,West North Central,74.0
2019,KY,H_RECMND,5.0,25.0,70.0,Kentucky,East South Central,65.0
2019,LA,H_RECMND,4.0,20.0,76.0,Louisiana,West South Central,72.0
2019,MA,H_RECMND,5.0,22.0,73.0,Massachusetts,New England,68.0
2019,MD,H_RECMND,8.0,27.0,65.0,Maryland,South Atlantic,57.0
2019,ME,H_RECMND,4.0,21.0,75.0,Maine,New England,71.0
2019,MI,H_RECMND,5.0,24.0,71.0,Michigan,East North Central,66.0
2019,MN,H_RECMND,3.0,20.0,77.0,Minnesota,West North Central,74.0
2019,MO,H_RECMND,5.0,25.0,70.0,Missouri,West North Central,65.0
2019,MS,H_RECMND,6.0,23.0,71.0,Mississippi,East South Central,65.0
2019,MT,H_RECMND,4.0,26.0,70.0,Montana,Mountain,66.0
2019,NC,H_RECMND,6.0,24.0,70.0,North Carolina,South Atlantic,64.0
2019,ND,H_RECMND,3.0,21.0,76.0,North Dakota,West North Central,73.0
2019,NE,H_RECMND,3.0,20.0,77.0,Nebraska,West North Central,74.0
2019,NH,H_RECMND,5.0,22.0,73.0,New Hampshire,New England,68.0
2019,NJ,H_RECMND,7.0,27.0,66.0,New Jersey,Mid-Atlantic,59.0
2019,NM,H_RECMND,5.0,27.0,68.0,New Mexico,Mountain,63.0
2019,NV,H_RECMND,9.0,25.0,66.0,Nevada,Mountain,57.0
2019,NY,H_RECMND,7.0,27.0,66.0,New York,Mid-Atlantic,59.0
2019,OH,H_RECMND,4.0,25.0,71.0,Ohio,East North Central,67.0
2019,OK,H_RECMND,5.0,23.0,72.0,Oklahoma,West South Central,67.0
2019,OR,H_RECMND,4.0,22.0,74.0,Oregon,Pacific,70.0
2019,PA,H_RECMND,5.0,25.0,70.0,Pennsylvania,Mid-Atlantic,65.0
2019,RI,H_RECMND,5.0,22.0,73.0,Rhode Island,New England,68.0
2019,SC,H_RECMND,6.0,23.0,71.0,South Carolina,South Atlantic,65.0
2019,SD,H_RECMND,3.0,20.0,77.0,South Dakota,West North Central,74.0
2019,TN,H_RECMND,5.0,23.0,72.0,Tennessee,East South Central,67.0
2019,TX,H_RECMND,5.0,21.0,74.0,Texas,West South Central,69.0
2019,UT,H_RECMND,4.0,19.0,77.0,Utah,Mountain,73.0
2019,VA,H_RECMND,5.0,25.0,70.0,Virginia,South Atlantic,65.0
2019,VT,H_RECMND,3.0,23.0,74.0,Vermont,New England,71.0
2019,WA,H_RECMND,5.0,23.0,72.0,Washington,Pacific,67.0
2019,WI,H_RECMND,3.0,21.0,76.0,Wisconsin,East North Central,73.0
2019,WV,H_RECMND,5.0,25.0,70.0,West Virginia,South Atlantic,65.0
2019,WY,H_RECMND,4.0,26.0,70.0,Wyoming,Mountain,66.0
2020,AK,H_RECMND,5.0,21.0,74.0,Alaska,Pacific,69.0
2020,AL,H_RECMND,6.0,24.0,70.0,Alabama,East South Central,64.0
2020,AR,H_RECMND,5.0,24.0,71.0,Arkansas,West South Central,66.0
2020,AZ,H_RECMND,6.0,25.0,69.0,Arizona,Mountain,63.0
2020,CA,H_RECMND,6.0,23.0,71.0,California,Pacific,65.0
2020,CO,H_RECMND,4.0,20.0,76.0,Colorado,Mountain,72.0
2020,CT,H_RECMND,5.0,22.0,73.0,Connecticut,New England,68.0
2020,DC,H_RECMND,12.0,27.0,61.0,District of Columbia,South Atlantic,49.0
2020,DE,H_RECMND,6.0,24.0,70.0,Delaware,South Atlantic,64.0
2020,FL,H_RECMND,7.0,24.0,69.0,Florida,South Atlantic,62.0
2020,GA,H_RECMND,6.0,24.0,70.0,Georgia,South Atlantic,64.0
2020,HI,H_RECMND,4.0,25.0,71.0,Hawaii,Pacific,67.0
2020,IA,H_RECMND,3.0,21.0,76.0,Iowa,West North Central,73.0
2020,ID,H_RECMND,3.0,21.0,76.0,Idaho,Mountain,73.0
2020,IL,H_RECMND,5.0,24.0,71.0,Illinois,East North Central,66.0
2020,IN,H_RECMND,5.0,23.0,72.0,Indiana,East North Central,67.0
2020,KS,H_RECMND,3.0,19.0,78.0,Kansas,West North Central,75.0
2020,KY,H_RECMND,5.0,25.0,70.0,Kentucky,East South Central,65.0
2020,LA,H_RECMND,4.0,20.0,76.0,Louisiana,West South Central,72.0
2020,MA,H_RECMND,5.0,22.0,73.0,Massachusetts,New England,68.0
2020,MD,H_RECMND,7.0,27.0,66.0,Maryland,South Atlantic,59.0
2020,ME,H_RECMND,4.0,20.0,76.0,Maine,New England,72.0
2020,MI,H_RECMND,5.0,23.0,72.0,Michigan,East North Central,67.0
2020,MN,H_RECMND,3.0,21.0,76.0,Minnesota,West North Central,73.0
2020,MO,H_RECMND,5.0,25.0,70.0,Missouri,West North Central,65.0
2020,MS,H_RECMND,7.0,23.0,70.0,Mississippi,East South Central,63.0
2020,MT,H_RECMND,5.0,24.0,71.0,Montana,Mountain,66.0
2020,NC,H_RECMND,5.0,24.0,71.0,North Carolina,South Atlantic,66.0
2020,ND,H_RECMND,3.0,20.0,77.0,North Dakota,West North Central,74.0
2020,NE,H_RECMND,2.0,19.0,79.0,Nebraska,West North Central,77.0
2020,NH,H_RECMND,4.0,22.0,74.0,New Hampshire,New England,70.0
2020,NJ,H_RECMND,7.0,27.0,66.0,New Jersey,Mid-Atlantic,59.0
2020,NM,H_RECMND,7.0,28.0,65.0,New Mexico,Mountain,58.0
2020,NV,H_RECMND,7.0,23.0,70.0,Nevada,Mountain,63.0
2020,NY,H_RECMND,7.0,27.0,66.0,New York,Mid-Atlantic,59.0
2020,OH,H_RECMND,4.0,23.0,73.0,Ohio,East North Central,69.0
2020,OK,H_RECMND,5.0,22.0,73.0,Oklahoma,West South Central,68.0
2020,OR,H_RECMND,4.0,21.0,75.0,Oregon,Pacific,71.0
2020,PA,H_RECMND,5.0,25.0,70.0,Pennsylvania,Mid-Atlantic,65.0
2020,RI,H_RECMND,5.0,21.0,74.0,Rhode Island,New England,69.0
2020,SC,H_RECMND,6.0,23.0,71.0,South Carolina,South Atlantic,65.0
2020,SD,H_RECMND,2.0,17.0,81.0,South Dakota,West North Central,79.0
2020,TN,H_RECMND,6.0,24.0,70.0,Tennessee,East South Central,64.0
2020,TX,H_RECMND,5.0,21.0,74.0,Texas,West South Central,69.0
2020,UT,H_RECMND,4.0,20.0,76.0,Utah,Mountain,72.0
2020,VA,H_RECMND,5.0,25.0,70.0,Virginia,South Atlantic,65.0
2020,VT,H_RECMND,4.0,21.0,75.0,Vermont,New England,71.0
2020,WA,H_RECMND,5.0,23.0,72.0,Washington,Pacific,67.0
2020,WI,H_RECMND,3.0,21.0,76.0,Wisconsin,East North Central,73.0
2020,WV,H_RECMND,5.0,26.0,69.0,West Virginia,South Atlantic,64.0
2020,WY,H_RECMND,3.0,26.0,71.0,Wyoming,Mountain,68.0
2021,AK,H_RECMND,7.0,23.0,70.0,Alaska,Pacific,63.0
2021,AL,H_RECMND,6.0,24.0,70.0,Alabama,East South Central,64.0
2021,AR,H_RECMND,5.0,24.0,71.0,Arkansas,West South Central,66.0
2021,AZ,H_RECMND,6.0,25.0,69.0,Arizona,Mountain,63.0
2021,CA,H_RECMND,6.0,24.0,70.0,California,Pacific,64.0
2021,CO,H_RECMND,4.0,20.0,76.0,Colorado,Mountain,72.0
2021,CT,H_RECMND,5.0,24.0,71.0,Connecticut,New England,66.0
2021,DC,H_RECMND,11.0,27.0,62.0,District of Columbia,South Atlantic,51.0
2021,DE,H_RECMND,5.0,25.0,70.0,Delaware,South Atlantic,65.0
2021,FL,H_RECMND,7.0,23.0,70.0,Florida,South Atlantic,63.0
2021,GA,H_RECMND,6.0,24.0,70.0,Georgia,South Atlantic,64.0
2021,HI,H_RECMND,4.0,27.0,69.0,Hawaii,Pacific,65.0
2021,IA,H_RECMND,3.0,21.0,76.0,Iowa,West North Central,73.0
2021,ID,H_RECMND,4.0,21.0,75.0,Idaho,Mountain,71.0
2021,IL,H_RECMND,5.0,25.0,70.0,Illinois,East North Central,65.0
2021,IN,H_RECMND,5.0,22.0,73.0,Indiana,East North Central,68.0
2021,KS,H_RECMND,3.0,19.0,78.0,Kansas,West North Central,75.0
2021,KY,H_RECMND,5.0,25.0,70.0,Kentucky,East South Central,65.0
2021,LA,H_RECMND,4.0,20.0,76.0,Louisiana,West South Central,72.0
2021,MA,H_RECMND,5.0,22.0,73.0,Massachusetts,New England,68.0
2021,MD,H_RECMND,7.0,27.0,66.0,Maryland,South Atlantic,59.0
2021,ME,H_RECMND,4.0,21.0,75.0,Maine,New England,71.0
2021,MI,H_RECMND,5.0,23.0,72.0,Michigan,East North Central,67.0
2021,MN,H_RECMND,3.0,20.0,77.0,Minnesota,West North Central,74.0
2021,MO,H_RECMND,5.0,25.0,70.0,Missouri,West North Central,65.0
2021,MS,H_RECMND,6.0,25.0,69.0,Mississippi,East South Central,63.0
2021,MT,H_RECMND,5.0,25.0,70.0,Montana,Mountain,65.0
2021,NC,H_RECMND,5.0,24.0,71.0,North Carolina,South Atlantic,66.0
2021,ND,H_RECMND,2.0,20.0,78.0,North Dakota,West North Central,76.0
2021,NE,H_RECMND,2.0,19.0,79.0,Nebraska,West North Central,77.0
2021,NH,H_RECMND,4.0,23.0,73.0,New Hampshire,New England,69.0
2021,NJ,H_RECMND,7.0,27.0,66.0,New Jersey,Mid-Atlantic,59.0
2021,NM,H_RECMND,7.0,28.0,65.0,New Mexico,Mountain,58.0
2021,NV,H_RECMND,7.0,22.0,71.0,Nevada,Mountain,64.0
2021,NY,H_RECMND,7.0,27.0,66.0,New York,Mid-Atlantic,59.0
2021,OH,H_RECMND,4.0,23.0,73.0,Ohio,East North Central,69.0
2021,OK,H_RECMND,5.0,21.0,74.0,Oklahoma,West South Central,69.0
2021,OR,H_RECMND,4.0,22.0,74.0,Oregon,Pacific,70.0
2021,PA,H_RECMND,5.0,25.0,70.0,Pennsylvania,Mid-Atlantic,65.0
2021,RI,H_RECMND,5.0,20.0,75.0,Rhode Island,New England,70.0
2021,SC,H_RECMND,6.0,23.0,71.0,South Carolina,South Atlantic,65.0
2021,SD,H_RECMND,2.0,16.0,82.0,South Dakota,West North Central,80.0
2021,TN,H_RECMND,6.0,24.0,70.0,Tennessee,East South Central,64.0
2021,TX,H_RECMND,5.0,21.0,74.0,Texas,West South Central,69.0
2021,UT,H_RECMND,4.0,20.0,76.0,Utah,Mountain,72.0
2021,VA,H_RECMND,5.0,25.0,70.0,Virginia,South Atlantic,65.0
2021,VT,H_RECMND,4.0,20.0,76.0,Vermont,New England,72.0
2021,WA,H_RECMND,4.0,23.0,73.0,Washington,Pacific,69.0
2021,WI,H_RECMND,3.0,21.0,76.0,Wisconsin,East North Central,73.0
2021,WV,H_RECMND,5.0,26.0,69.0,West Virginia,South Atlantic,64.0
2021,WY,H_RECMND,3.0,27.0,70.0,Wyoming,Mountain,67.0
2022,AK,H_RECMND,4.0,27.0,69.0,Alaska,Pacific,65.0
2022,AL,H_RECMND,6.0,25.0,69.0,Alabama,East South Central,63.0
2022,AR,H_RECMND,6.0,25.0,69.0,Arkansas,West South Central,63.0
2022,AZ,H_RECMND,8.0,24.0,68.0,Arizona,Mountain,60.0
2022,CA,H_RECMND,8.0,23.0,69.0,California,Pacific,61.0
2022,CO,H_RECMND,4.0,21.0,75.0,Colorado,Mountain,71.0
2022,CT,H_RECMND,6.0,24.0,70.0,Connecticut,New England,64.0
2022,DC,H_RECMND,9.0,29.0,62.0,District of Columbia,South Atlantic,53.0
2022,DE,H_RECMND,6.0,27.0,67.0,Delaware,South Atlantic,61.0
2022,FL,H_RECMND,9.0,24.0,67.0,Florida,South Atlantic,58.0
2022,GA,H_RECMND,7.0,24.0,69.0,Georgia,South Atlantic,62.0
2022,HI,H_RECMND,7.0,25.0,68.0,Hawaii,Pacific,61.0
2022,IA,H_RECMND,3.0,21.0,76.0,Iowa,West North Central,73.0
2022,ID,H_RECMND,3.0,23.0,74.0,Idaho,Mountain,71.0
2022,IL,H_RECMND,6.0,25.0,69.0,Illinois,East North Central,63.0
2022,IN,H_RECMND,4.0,25.0,71.0,Indiana,East North Central,67.0
2022,KS,H_RECMND,3.0,21.0,76.0,Kansas,West North Central,73.0
2022,KY,H_RECMND,6.0,25.0,69.0,Kentucky,East South Central,63.0
2022,LA,H_RECMND,5.0,20.0,75.0,Louisiana,West South Central,70.0
2022,MA,H_RECMND,5.0,24.0,71.0,Massachusetts,New England,66.0
2022,MD,H_RECMND,8.0,27.0,65.0,Maryland,South Atlantic,57.0
2022,ME,H_RECMND,4.0,21.0,75.0,Maine,New England,71.0
2022,MI,H_RECMND,5.0,25.0,70.0,Michigan,East North Central,65.0
2022,MN,H_RECMND,3.0,20.0,77.0,Minnesota,West North Central,74.0
2022,MO,H_RECMND,5.0,26.0,69.0,Missouri,West North Central,64.0
2022,MS,H_RECMND,6.0,23.0,71.0,Mississippi,East South Central,65.0
2022,MT,H_RECMND,5.0,24.0,71.0,Montana,Mountain,66.0
2022,NC,H_RECMND,6.0,25.0,69.0,North Carolina,South Atlantic,63.0
2022,ND,H_RECMND,4.0,20.0,76.0,North Dakota,West North Central,72.0
2022,NE,H_RECMND,3.0,20.0,77.0,Nebraska,West North Central,74.0
2022,NH,H_RECMND,5.0,23.0,72.0,New Hampshire,New England,67.0
2022,NJ,H_RECMND,8.0,27.0,65.0,New Jersey,Mid-Atlantic,57.0
2022,NM,H_RECMND,7.0,27.0,66.0,New Mexico,Mountain,59.0
2022,NV,H_RECMND,10.0,25.0,65.0,Nevada,Mountain,55.0
2022,NY,H_RECMND,8.0,27.0,65.0,New York,Mid-Atlantic,57.0
2022,OH,H_RECMND,5.0,24.0,71.0,Ohio,East North Central,66.0
2022,OK,H_RECMND,6.0,21.0,73.0,Oklahoma,West South Central,67.0
2022,OR,H_RECMND,4.0,22.0,74.0,Oregon,Pacific,70.0
2022,PA,H_RECMND,6.0,24.0,70.0,Pennsylvania,Mid-Atlantic,64.0
2022,RI,H_RECMND,7.0,21.0,72.0,Rhode Island,New England,65.0
2022,SC,H_RECMND,6.0,25.0,69.0,South Carolina,South Atlantic,63.0
2022,SD,H_RECMND,2.0,19.0,79.0,South Dakota,West North Central,77.0
2022,TN,H_RECMND,7.0,24.0,69.0,Tennessee,East South Central,62.0
2022,TX,H_RECMND,6.0,21.0,73.0,Texas,West South Central,67.0
2022,UT,H_RECMND,4.0,20.0,76.0,Utah,Mountain,72.0
2022,VA,H_RECMND,6.0,25.0,69.0,Virginia,South Atlantic,63.0
2022,VT,H_RECMND,4.0,20.0,76.0,Vermont,New England,72.0
2022,WA,H_RECMND,5.0,22.0,73.0,Washington,Pacific,68.0
2022,WI,H_RECMND,4.0,22.0,74.0,Wisconsin,East North Central,70.0
2022,WV,H_RECMND,6.0,24.0,70.0,West Virginia,South Atlantic,64.0
2022,WY,H_RECMND,4.0,27.0,69.0,Wyoming,Mountain,65.0
2023,AK,H_RECMND,3.0,24.0,73.0,Alaska,Pacific,70.0
2023,AL,H_RECMND,7.0,25.0,68.0,Alabama,East South Central,61.0
2023,AR,H_RECMND,5.0,25.0,70.0,Arkansas,West South Central,65.0
2023,AZ,H_RECMND,8.0,27.0,65.0,Arizona,Mountain,57.0
2023,CA,H_RECMND,8.0,26.0,66.0,California,Pacific,58.0
2023,CO,H_RECMND,4.0,22.0,74.0,Colorado,Mountain,70.0
2023,CT,H_RECMND,7.0,26.0,67.0,Connecticut,New England,60.0
2023,DC,H_RECMND,12.0,29.0,59.0,District of Columbia,South Atlantic,47.0
2023,DE,H_RECMND,8.0,29.0,63.0,Delaware,South Atlantic,55.0
2023,FL,H_RECMND,10.0,25.0,65.0,Florida,South Atlantic,55.0
2023,GA,H_RECMND,7.0,26.0,67.0,Georgia,South Atlantic,60.0
2023,HI,H_RECMND,7.0,27.0,66.0,Hawaii,Pacific,59.0
2023,IA,H_RECMND,3.0,22.0,75.0,Iowa,West North Central,72.0
2023,ID,H_RECMND,4.0,22.0,74.0,Idaho,Mountain,70.0
2023,IL,H_RECMND,7.0,27.0,66.0,Illinois,East North Central,59.0
2023,IN,H_RECMND,5.0,24.0,71.0,Indiana,East North Central,66.0
2023,KS,H_RECMND,3.0,22.0,75.0,Kansas,West North Central,72.0
2023,KY,H_RECMND,7.0,26.0,67.0,Kentucky,East South Central,60.0
2023,LA,H_RECMND,5.0,22.0,73.0,Louisiana,West South Central,68.0
2023,MA,H_RECMND,7.0,24.0,69.0,Massachusetts,New England,62.0
2023,MD,H_RECMND,9.0,28.0,63.0,Maryland,South Atlantic,54.0
2023,ME,H_RECMND,5.0,24.0,71.0,Maine,New England,66.0
2023,MI,H_RECMND,6.0,26.0,68.0,Michigan,East North Central,62.0
2023,MN,H_RECMND,3.0,22.0,75.0,Minnesota,West North Central,72.0
2023,MO,H_RECMND,6.0,26.0,68.0,Missouri,West North Central,62.0
2023,MS,H_RECMND,7.0,23.0,70.0,Mississippi,East South Central,63.0
2023,MT,H_RECMND,5.0,25.0,70.0,Montana,Mountain,65.0
2023,NC,H_RECMND,7.0,27.0,66.0,North Carolina,South Atlantic,59.0
2023,ND,H_RECMND,3.0,24.0,73.0,North Dakota,West North Central,70.0
2023,NE,H_RECMND,3.0,21.0,76.0,Nebraska,West North Central,73.0
2023,NH,H_RECMND,6.0,24.0,70.0,New Hampshire,New England,64.0
2023,NJ,H_RECMND,9.0,29.0,62.0,New Jersey,Mid-Atlantic,53.0
2023,NM,H_RECMND,8.0,29.0,63.0,New Mexico,Mountain,55.0
2023,NV,H_RECMND,9.0,26.0,65.0,Nevada,Mountain,56.0
2023,NY,H_RECMND,9.0,29.0,62.0,New York,Mid-Atlantic,53.0
2023,OH,H_RECMND,5.0,26.0,69.0,Ohio,East North Central,64.0
2023,OK,H_RECMND,6.0,23.0,71.0,Oklahoma,West South Central,65.0
2023,OR,H_RECMND,5.0,24.0,71.0,Oregon,Pacific,66.0
2023,PA,H_RECMND,6.0,26.0,68.0,Pennsylvania,Mid-Atlantic,62.0
2023,RI,H_RECMND,7.0,23.0,70.0,Rhode Island,New England,63.0
2023,SC,H_RECMND,7.0,26.0,67.0,South Carolina,South Atlantic,60.0
2023,SD,H_RECMND,2.0,22.0,76.0,South Dakota,West North Central,74.0
2023,TN,H_RECMND,7.0,26.0,67.0,Tennessee,East South Central,60.0
2023,TX,H_RECMND,6.0,22.0,72.0,Texas,West South Central,66.0
2023,UT,H_RECMND,4.0,20.0,76.0,Utah,Mountain,72.0
2023,VA,H_RECMND,7.0,25.0,68.0,Virginia,South Atlantic,61.0
2023,VT,H_RECMND,6.0,24.0,70.0,Vermont,New England,64.0
2023,WA,H_RECMND,6.0,26.0,68.0,Washington,Pacific,62.0
2023,WI,H_RECMND,4.0,24.0,72.0,Wisconsin,East North Central,68.0
2023,WV,H_RECMND,7.0,25.0,68.0,West Virginia,South Atlantic,61.0
2023,WY,H_RECMND,4.0,26.0,70.0,Wyoming,Mountain,66.0
2016,MD,H_RECMND,6.5,27.5,66.0,Maryland,South Atlantic,59.5
